,Link
0,
1,
2,
3,
4,
5,
6,
7,
8,
9,
10,
11,
12,https://www.lazada.co.th/shop-mobiles/
13,https://www.lazada.co.th/shop-mobiles/
14,https://www.lazada.co.th/shop-tablet/
15,https://www.lazada.co.th/shop-tablet/
16,https://www.lazada.co.th/shop-laptops/
17,https://www.lazada.co.th/shop-traditional-laptops/
18,https://www.lazada.co.th/shop-gaming-notebook/
19,https://www.lazada.co.th/shop-2in1-laptops/
20,https://www.lazada.co.th/shop-desktop-computer/
21,https://www.lazada.co.th/shop-desktop-computer-gaming/
22,https://www.lazada.co.th/shop-desktop-computer-all-in-one/
23,https://www.lazada.co.th/shop-desktop-computer-diy/
24,https://www.lazada.co.th/shop-dslr-slr-camera/
25,https://www.lazada.co.th/shop-dslr-sets/
26,https://www.lazada.co.th/shop-dslr-body-only/
27,https://www.lazada.co.th/shop-mirrorless/
28,https://www.lazada.co.th/shop-point-shoot/
29,https://www.lazada.co.th/shop-point-shoot-cameras/
30,https://www.lazada.co.th/shop-point-shoot-underwater-cameras/
31,https://www.lazada.co.th/shop-instantcamera/
32,https://www.lazada.co.th/shop-instantcameras/
33,https://www.lazada.co.th/shop-instant-camera-films/
34,https://www.lazada.co.th/shop-instant-camera-accessories/
35,https://www.lazada.co.th/shop-camcorder/
36,https://www.lazada.co.th/shop-action-camcoders/
37,https://www.lazada.co.th/shop-camera-camcoders/
38,https://www.lazada.co.th/shop-360-cameras/
39,https://www.lazada.co.th/shop-professional-video-camera/
40,https://www.lazada.co.th/shop-drones/
41,https://www.lazada.co.th/shop-security-cameras/
42,https://www.lazada.co.th/shop-ip-cameras/
43,https://www.lazada.co.th/shop-cctv-cameras/
44,https://www.lazada.co.th/shop-cctv-security-systems/
45,https://www.lazada.co.th/shop-ip-security-systems/
46,https://www.lazada.co.th/shop-dummy-security-cameras/
47,https://www.lazada.co.th/shop-console-gaming/
48,https://www.lazada.co.th/shop-handheld-consoles/
49,https://www.lazada.co.th/shop-console-gaming-consoles/
50,https://www.lazada.co.th/shop-mobile-accessories/
51,https://www.lazada.co.th/shop-mobile-cases-and-covers/
52,https://www.lazada.co.th/shop-mobile-tablets-power-bank/
53,https://www.lazada.co.th/shop-mobile-cables/
54,https://www.lazada.co.th/shop-wireless-mobile-chargers/
55,https://www.lazada.co.th/shop-screen-protectors/
56,https://www.lazada.co.th/shop-prepaid-cards/
57,https://www.lazada.co.th/shop-car-mounts/
58,https://www.lazada.co.th/shop-wired-mobile-chargers/
59,https://www.lazada.co.th/shop-tablets-cases-covers/
60,https://www.lazada.co.th/shop-mobile-replacement-parts/
61,https://www.lazada.co.th/shop-mobile-phone-docks/
62,https://www.lazada.co.th/shop-fashion-mobile-accessories/
63,https://www.lazada.co.th/shop-audio-2/
64,https://www.lazada.co.th/shop-audio-headphones/
65,https://www.lazada.co.th/shop-portable-speakers/
66,https://www.lazada.co.th/shop-home-audio-theater/
67,https://www.lazada.co.th/shop-mp3-players-ipods/
68,https://www.lazada.co.th/shop-dj-audio-equipment/
69,https://www.lazada.co.th/shop-dj-audio-equipment/
70,https://www.lazada.co.th/shop-smart-speakers/
71,https://www.lazada.co.th/shop-bluetooth-transmitters-receivers/
72,https://www.lazada.co.th/shop-streaming-media-players/
73,https://www.lazada.co.th/shop-smart-devices/
74,https://www.lazada.co.th/shop-smartwatches-and-accessories/
75,https://www.lazada.co.th/shop-fitness-trackers/
76,https://www.lazada.co.th/shop-smart-tracking/
77,https://www.lazada.co.th/shop-vr/
78,https://www.lazada.co.th/shop-vr-accessories/
79,https://www.lazada.co.th/shop-smart-glasses/
80,https://www.lazada.co.th/shop-consumer-electronics-gadgets/
81,https://www.lazada.co.th/shop-electronics-gadgets-walkie-talkies/
82,https://www.lazada.co.th/shop-laser-pointers-gadgets/
83,https://www.lazada.co.th/shop-metal-detectors-gadgets
84,https://www.lazada.co.th/shop-dictionaries-translators/
85,https://www.lazada.co.th/shop-universal-chargers/
86,https://www.lazada.co.th/shop-graphic-tablets/
87,https://www.lazada.co.th/shop-data-storage/
88,https://www.lazada.co.th/shop-internal-hard-drives/
89,https://www.lazada.co.th/shop-external-hard-drives/
90,https://www.lazada.co.th/shop-camera-memory-cards/
91,https://www.lazada.co.th/shop-otg-drives/
92,https://www.lazada.co.th/shop-usb-flash-drives/
93,https://www.lazada.co.th/shop-storage-for-mac/
94,https://www.lazada.co.th/shop-solid-state-drives/
95,https://www.lazada.co.th/shop-external-solid-state-drive/
96,https://www.lazada.co.th/shop-computer-accessories/
97,https://www.lazada.co.th/shop-keyboards/
98,https://www.lazada.co.th/shop-computer-mouse/
99,https://www.lazada.co.th/shop-software/
100,https://www.lazada.co.th/shop-computer-surge-protector/
101,https://www.lazada.co.th/shop-mouse-pads/
102,https://www.lazada.co.th/shop-computer-laptop-adapters-cables/
103,https://www.lazada.co.th/shop-pc-audio/
104,https://www.lazada.co.th/shop-monitors/
105,https://www.lazada.co.th/shop-multi-function-printers/
106,https://www.lazada.co.th/shop-scanners/
107,https://www.lazada.co.th/shop-printer-ink/
108,https://www.lazada.co.th/shop-labeller/
109,https://www.lazada.co.th/shop-computer-components/
110,https://www.lazada.co.th/shop-motherboards/
111,https://www.lazada.co.th/shop-ram/
112,https://www.lazada.co.th/shop-processors/
113,https://www.lazada.co.th/shop-graphic-cards/
114,https://www.lazada.co.th/shop-internal-optical-drives/
115,https://www.lazada.co.th/shop-power-supply-units/
116,https://www.lazada.co.th/shop-cabinet-fans/
117,https://www.lazada.co.th/shop-cpu-fans-and-heatsinks/
118,https://www.lazada.co.th/shop-computer-sound-cards/
119,https://www.lazada.co.th/shop-water-cooling-system/
120,https://www.lazada.co.th/shop-cabinets/
121,https://www.lazada.co.th/shop-network-components/
122,https://www.lazada.co.th/shop-routers/
123,https://www.lazada.co.th/shop-switches/
124,https://www.lazada.co.th/shop-wireless-usb-adapters/
125,https://www.lazada.co.th/shop-modems/
126,https://www.lazada.co.th/shop-computer-mifi-modems/
127,https://www.lazada.co.th/shop-computer-usb-modems/
128,https://www.lazada.co.th/shop-console-gaming-accessories/
129,https://www.lazada.co.th/shop-console-games/
130,https://www.lazada.co.th/shop-console-gaming-controllers/
131,https://www.lazada.co.th/shop-console-cases-and-covers/
132,https://www.lazada.co.th/shop-console-gaming-accessories-tablet-screen-protectors/
133,https://www.lazada.co.th/shop-console-gaming-accessories/
134,https://www.lazada.co.th/shop-camera-accessories/
135,https://www.lazada.co.th/shop-camera-memory-cards/
136,https://www.lazada.co.th/shop-camera-lenses/
137,https://www.lazada.co.th/shop-tripods-and-monopods/
138,https://www.lazada.co.th/shop-camera-bags/
139,https://www.lazada.co.th/shop-sport-action-camera-accessory-kits/
140,https://www.lazada.co.th/shop-camera-lighting-studio-equitment/
141,https://www.lazada.co.th/shop-camera-batteries/
142,https://www.lazada.co.th/shop-gimbals-stabilizer/
143,https://www.lazada.co.th/shop-instant-camera-films/
144,https://www.lazada.co.th/shop-consumer-electronics/
145,https://www.lazada.co.th/shop-smart-tv/
146,https://www.lazada.co.th/shop-digital-televisions/
147,https://www.lazada.co.th/shop-streaming-media-players/
148,https://www.lazada.co.th/shop-electronics-video-projectors/
149,https://www.lazada.co.th/shop-tv-receivers/
150,https://www.lazada.co.th/shop-electronics-tv-wall-mounts/
151,https://www.lazada.co.th/shop-tv-cables/
152,https://www.lazada.co.th/shop-electronics-remote-controllers/
153,https://www.lazada.co.th/shop-large-appliances/
154,https://www.lazada.co.th/shop-air-conditioners/
155,https://www.lazada.co.th/shop-refrigerators/
156,https://www.lazada.co.th/shop-freezers/
157,https://www.lazada.co.th/shop-washing-machines/
158,https://www.lazada.co.th/shop-dryers/
159,https://www.lazada.co.th/shop-ovens/
160,https://www.lazada.co.th/shop-cooktops-ranges/
161,https://www.lazada.co.th/shop-water-purifiers/
162,https://www.lazada.co.th/shop-appliances-water-dispensers/
163,https://www.lazada.co.th/shop-small-kitchen-appliances/
164,https://www.lazada.co.th/shop-blenders-mixers-grinders/
165,https://www.lazada.co.th/shop-rice-cookers/
166,https://www.lazada.co.th/shop-gas-stoves/
167,https://www.lazada.co.th/shop-small-electric-grills/
168,https://www.lazada.co.th/shop-juicers-and-fruit-extractors/
169,https://www.lazada.co.th/shop-coffee-machines/
170,https://www.lazada.co.th/shop-air-fryers/
171,https://www.lazada.co.th/shop-microwaves/
172,https://www.lazada.co.th/shop-electric-kettles/
173,https://www.lazada.co.th/shop-toasters/
174,https://www.lazada.co.th/shop-steamers/
175,https://www.lazada.co.th/shop-small-cooling-and-air-treatment/
176,https://www.lazada.co.th/shop-air-purifiers/
177,https://www.lazada.co.th/shop-air-coolers/
178,https://www.lazada.co.th/shop-stand-fans/
179,https://www.lazada.co.th/shop-exhaust-fans-2/
180,https://www.lazada.co.th/shop-desk-fans/
181,https://www.lazada.co.th/shop-humidifiers/
182,https://www.lazada.co.th/shop-small-household-appliances/
183,https://www.lazada.co.th/shop-water-heaters/
184,https://www.lazada.co.th/shop-heaters/
185,https://www.lazada.co.th/shop-robotic-vacuum-cleaners/
186,https://www.lazada.co.th/shop-canister-vacuum-cleaners/
187,https://www.lazada.co.th/shop-stick-vacuum-cleaners/
188,https://www.lazada.co.th/shop-vacuum-cleaner-parts-accessories/
189,https://www.lazada.co.th/shop-irons/
190,https://www.lazada.co.th/shop-garment-steamers/
191,https://www.lazada.co.th/shop-sewing-machines/
192,https://www.lazada.co.th/shop-personal-care-appliances/
193,https://www.lazada.co.th/shop-hb-hair-styling-appliances/
194,https://www.lazada.co.th/shop-hair-dryers-products/
195,https://www.lazada.co.th/shop-hair-removal-appliances/
196,https://www.lazada.co.th/shop-mens-shavers/
197,https://www.lazada.co.th/trimmers-groomers-clippers/
198,https://www.lazada.co.th/shop-electric-toothbrushes/
199,https://www.lazada.co.th/shop-home-appliance-accesories/
200,https://www.lazada.co.th/shop-air-purifier-parts-accessories/
201,https://www.lazada.co.th/shop-air-purifier-accessories/
202,https://www.lazada.co.th/shop-air-conditioner-parts-accessories/
203,https://www.lazada.co.th/shop-air-conditioner-accessories/
204,https://www.lazada.co.th/shop-fan-accessories/
205,https://www.lazada.co.th/shop-blender-and-mixer-accessories/
206,https://www.lazada.co.th/shop-coffee-accessories-parts/
207,https://www.lazada.co.th/shop-water-filters/
208,https://www.lazada.co.th/shop-washer-and-dryer-accessories/
209,https://www.lazada.co.th/shop-face-products/
210,https://www.lazada.co.th/shop-skincare-face-treatments-serums/
211,https://www.lazada.co.th/shop-facial-moisturizers/
212,https://www.lazada.co.th/shop-dermacare/
213,https://www.lazada.co.th/shop-face-cleanser/
214,https://www.lazada.co.th/shop-skincare-toner-and-mists/
215,https://www.lazada.co.th/shop-skincare-face-mask-packs/
216,https://www.lazada.co.th/shop-eye-treatment/
217,https://www.lazada.co.th/shop-skincare-sunscreen-aftersun-lotion/
218,https://www.lazada.co.th/shop-lip-balm-and-treatment/
219,https://www.lazada.co.th/shop-skincare-face-scrubs-peels
220,https://www.lazada.co.th/shop-bath-and-body-sets/
221,https://www.lazada.co.th/shop-makeup/
222,https://www.lazada.co.th/shop-face/
223,https://www.lazada.co.th/shop-lips/
224,https://www.lazada.co.th/shop-eyes/
225,https://www.lazada.co.th/shop-blushes/
226,https://www.lazada.co.th/shop-nails/
227,https://www.lazada.co.th/shop-compacts-powder/
228,https://www.lazada.co.th/shop-makeup-palettes-and-sets/
229,https://www.lazada.co.th/shop-makeup-accessories/
230,https://www.lazada.co.th/shop-makeup-bags-organizers/
231,https://www.lazada.co.th/shop-makeup-removers/
232,https://www.lazada.co.th/shop-hair-care/
233,https://www.lazada.co.th/shop-conditioners/
234,https://www.lazada.co.th/shop-hair-treatments/
235,https://www.lazada.co.th/shop-wig-hair-extensions-pads/
236,https://www.lazada.co.th/shop-hair-colors/
237,https://www.lazada.co.th/shop-hair-styling/
238,https://www.lazada.co.th/shop-conditioners-2/
239,https://www.lazada.co.th/shop-hair-brushes-combs/
240,https://www.lazada.co.th/shop-hair-accessories/
241,https://www.lazada.co.th/shop-bath-and-body-sets/
242,https://www.lazada.co.th/shop-bath-body/
243,https://www.lazada.co.th/shop-HealthBeauty-BathBody-BodySoapsShowerGels-BodyWash/
244,https://www.lazada.co.th/shop-moisturizer-and-creams/
245,https://www.lazada.co.th/shop-body-and-essential-oils/
246,https://www.lazada.co.th/shop-sun-protection/
247,https://www.lazada.co.th/shop-body-scrubs/
248,https://www.lazada.co.th/shop-hand-care/
249,https://www.lazada.co.th/shop-foot-care/
250,https://www.lazada.co.th/shop-hair-removal/
251,https://www.lazada.co.th/shop-body-breast-care/
252,https://www.lazada.co.th/shop-bath-and-body-accessories/
253,https://www.lazada.co.th/shop-personal-care/
254,https://www.lazada.co.th/shop-mens-oral-care/
255,https://www.lazada.co.th/shop-personal-optical-care/
256,https://www.lazada.co.th/shop-deodorants/
257,https://www.lazada.co.th/shop-womans-hygiene/
258,https://www.lazada.co.th/shop-sexual-wellness-personal-safety-security/
259,https://www.lazada.co.th/shop-fragrances/
260,https://www.lazada.co.th/shop-women-fragrance/
261,https://www.lazada.co.th/shop-men-fragrance/
262,https://www.lazada.co.th/shop-unisex-fragrance/
263,https://www.lazada.co.th/shop-health-beauty-tools/
264,https://www.lazada.co.th/shop-spa-products/
265,https://www.lazada.co.th/shop-body-slimming-electric-massagers/
266,https://www.lazada.co.th/shop-body-skin-care-tools/
267,https://www.lazada.co.th/shop-face-skin-care-tools/
268,https://www.lazada.co.th/shop-foot-relief/
269,https://www.lazada.co.th/shop-hb-shavers-trimmers-accessories/
270,https://www.lazada.co.th/shop-mens-care/
271,https://www.lazada.co.th/shop-body-care/
272,https://www.lazada.co.th/shop-face-care/
273,https://www.lazada.co.th/shop-mens-shaving/
274,https://www.lazada.co.th/shop-mens-hair-care/
275,https://www.lazada.co.th/shop-men-deodorant/
276,https://www.lazada.co.th/shop-sexual-wellness-condoms/
277,https://www.lazada.co.th/shop-sexual-wellness-lubricants/
278,https://www.lazada.co.th/shop-sexual-health/
279,https://www.lazada.co.th/shop-sports-nutrition-supplement/
280,https://www.lazada.co.th/shop-mens-health/
281,https://www.lazada.co.th/shop-health-food-supplements-weight-management/
282,https://www.lazada.co.th/shop-health-well-being/
283,https://www.lazada.co.th/shop-immune-system/
284,https://www.lazada.co.th/shop-bones-joints/
285,https://www.lazada.co.th/shop-brain-memory/
286,https://www.lazada.co.th/shop-liver-detox/
287,https://www.lazada.co.th/shop-health-weight-loss/
288,https://www.lazada.co.th/shop-fat-burners/
289,https://www.lazada.co.th/shop-appetite-suppressants/
290,https://www.lazada.co.th/shop-skin-supplements/
291,https://www.lazada.co.th/shop-whitening-supplements/
292,https://www.lazada.co.th/shop-protein/
293,https://www.lazada.co.th/shop-medical-equipment/
294,https://www.lazada.co.th/shop-health-blood-pressure-monitors/
295,https://www.lazada.co.th/shop-glucose-level-analyzer-monitors/
296,https://www.lazada.co.th/shop-health-accessories/
297,https://www.lazada.co.th/shop-wheelchairs/
298,https://www.lazada.co.th/shop-hospital-beds/
299,https://www.lazada.co.th/shop-injury-support-and-braces/
300,https://www.lazada.co.th/shop-first-aid-supplies/
301,https://www.lazada.co.th/shop-scale-body-fat-analyzers-monitors/
302,https://www.lazada.co.th/shop-nebulizer-aspirators/
303,https://www.lazada.co.th/shop-thermometer/
304,https://www.lazada.co.th/shop-healthbeauty-medicalsupplies-firstaidsupplies-ointmentsandcreams/
305,https://www.lazada.co.th/shop-senior-health/
306,https://www.lazada.co.th/shop-sexual-wellness/
307,https://www.lazada.co.th/shop-sexual-wellness-condoms/
308,https://www.lazada.co.th/shop-sexual-wellness-lubricants/
309,https://www.lazada.co.th/shop-babies/
310,https://www.lazada.co.th/shop-baby-nasal-aspirators/
311,https://www.lazada.co.th/shop-baby-thermometers/
312,https://www.lazada.co.th/shop-baby-nail-care/
313,https://www.lazada.co.th/shop-mask-repellents/
314,https://www.lazada.co.th/shop-baby-crib-netting/
315,https://www.lazada.co.th/shop-baby-monitors/
316,https://www.lazada.co.th/shop-baby-rail-guards/
317,https://www.lazada.co.th/shop-baby-gifts/
318,https://www.lazada.co.th/shop-maternity-wear/
319,https://www.lazada.co.th/shop-pregnancy-pillows/
320,https://www.lazada.co.th/shop-maternity-accessories/
321,https://www.lazada.co.th/shop-pacifiers-and-accessories/
322,https://www.lazada.co.th/shop-diapers-potties/
323,https://www.lazada.co.th/shop-diapers/
324,https://www.lazada.co.th/shop-nappies/
325,https://www.lazada.co.th/shop-baby-wipes-refills/
326,https://www.lazada.co.th/shop-diapering-care/
327,https://www.lazada.co.th/shop-potty-seats/
328,https://www.lazada.co.th/shop-babies-diaper-bags/
329,https://www.lazada.co.th/shop-baby-changing-tables/
330,https://www.lazada.co.th/shop-diaper-changing-mats/
331,https://www.lazada.co.th/shop-cloth-diaper-inserts-and-liners/
332,https://www.lazada.co.th/shop-potty-chair/
333,https://www.lazada.co.th/shop-nursery-step-stools/
334,https://www.lazada.co.th/shop-stackers-caddies/
335,https://www.lazada.co.th/shop-milk-formula-and-baby-food/
336,https://www.lazada.co.th/shop-maternal-milk-formula/
337,https://www.lazada.co.th/shop-infant-milk-formula/
338,https://www.lazada.co.th/shop-followon-milk-formula/
339,https://www.lazada.co.th/shop-toddler-milk-1-under-3-yrs/
340,https://www.lazada.co.th/shop-growth-milk-formula/
341,https://www.lazada.co.th/shop-milk-formula-tailored-nutrition/
342,https://www.lazada.co.th/shop-baby-juices-and-drinks/
343,https://www.lazada.co.th/shop-baby-food-cereal/
344,https://www.lazada.co.th/shop-baby-food-crackers-biscuits/
345,https://www.lazada.co.th/shop-baby-food-snacks/
346,https://www.lazada.co.th/shop-baby-puree/
347,https://www.lazada.co.th/shop-feeding-nursing/
348,https://www.lazada.co.th/shop-breast-pumps/
349,https://www.lazada.co.th/shop-breast-pumps-accessories/
350,https://www.lazada.co.th/shop-baby-bottles/
351,https://www.lazada.co.th/shop-bottle-care-cleaning/
352,https://www.lazada.co.th/shop-baby-bottle-nipples/
353,https://www.lazada.co.th/shop-sterilizers-warmers/
354,https://www.lazada.co.th/shop-nursing-covers/
355,https://www.lazada.co.th/shop-baby-formula-dispensers/
356,https://www.lazada.co.th/shop-baby-food-processors/
357,https://www.lazada.co.th/shop-baby-utensils/
358,https://www.lazada.co.th/shop-baby-feeding-pillow-and-stools/
359,https://www.lazada.co.th/shop-high-chairs-boosters/
360,https://www.lazada.co.th/shop-baby-gear/
361,https://www.lazada.co.th/shop-baby-strollers/
362,https://www.lazada.co.th/shop-car-seats/
363,https://www.lazada.co.th/shop-baby-carriers/
364,https://www.lazada.co.th/shop-baby-walkers/
365,https://www.lazada.co.th/shop-baby-playards/
366,https://www.lazada.co.th/shop-walkers-bouncers/
367,https://www.lazada.co.th/shop-bicycle-child-seats-trailers/
368,https://www.lazada.co.th/shop-baby-harnesses-leashes/
369,https://www.lazada.co.th/shop-travel-system-car-seats/
370,https://www.lazada.co.th/shop-baby-travel-beds/
371,https://www.lazada.co.th/shop-kids-bag-luaggages/
372,https://www.lazada.co.th/shop-nursery/
373,https://www.lazada.co.th/shop-crib-bedding/
374,https://www.lazada.co.th/shop-nursery-blankets/
375,https://www.lazada.co.th/shop-cradle-bedding/
376,https://www.lazada.co.th/shop-toddler-bedding/
377,https://www.lazada.co.th/shop-baby-quilts/
378,https://www.lazada.co.th/shop-baby-pillows-protector-and-cases/
379,https://www.lazada.co.th/shop-nursery-baby-furniture/
380,https://www.lazada.co.th/shop-cribs-cots/
381,https://www.lazada.co.th/shop-nursery-furniture-cradles/
382,https://www.lazada.co.th/shop-nursery-furniture-chests-dressers/
383,https://www.lazada.co.th/shop-nursery-storage-organization/
384,https://www.lazada.co.th/shop-nursery-decor-gift-sets/
385,https://www.lazada.co.th/shop-bathing-grooming/
386,https://www.lazada.co.th/baby-detergent/
387,https://www.lazada.co.th/shop-baby-skin-care/
388,https://www.lazada.co.th/shop-baby-shampoos/
389,https://www.lazada.co.th/shop-baby-soaps-cleaners/
390,https://www.lazada.co.th/shop-baby-sun-protection/
391,https://www.lazada.co.th/shop-baby-aromatherapy/
392,https://www.lazada.co.th/shop-grooming-accessories/
393,https://www.lazada.co.th/shop-baby-oral-care/
394,https://www.lazada.co.th/shop-baby-bubble-bath/
395,https://www.lazada.co.th/shop-bath-tubs-accessories/
396,https://www.lazada.co.th/shop-baby-non-slip-bath-mats/
397,https://www.lazada.co.th/shop-baby-towels/
398,https://www.lazada.co.th/shop-baby-clothings/
399,https://www.lazada.co.th/shop-new-born-baby-clothing-sets/
400,https://www.lazada.co.th/shop-new-born-baby-bodysuits-one-piece/
401,https://www.lazada.co.th/shop-new-born-baby-clothing-accessories/
402,https://www.lazada.co.th/shop-baby-girls-clothing/
403,https://www.lazada.co.th/shop-baby-girls-dresses/
404,https://www.lazada.co.th/shop-baby-girls-shoes/
405,https://www.lazada.co.th/shop-baby-girls-clothing-accessories/
406,https://www.lazada.co.th/shop-baby-girls-swim-wear/
407,https://www.lazada.co.th/shop-baby-boys-clothing/
408,https://www.lazada.co.th/shop-baby-boys-shoes/
409,https://www.lazada.co.th/shop-baby-boys-clothing-accessories/
410,https://www.lazada.co.th/shop-baby-boys-swim-wear/
411,https://www.lazada.co.th/shop-toys-1/
412,https://www.lazada.co.th/shop-action-figures/
413,https://www.lazada.co.th/shop-collectibles/
414,https://www.lazada.co.th/shop-mini-action-figures/
415,https://www.lazada.co.th/shop-3-d-puzzles/
416,https://www.lazada.co.th/shop-board-games/
417,https://www.lazada.co.th/Shop-Hobbies-Entertainment/
418,https://www.lazada.co.th/shop-blocks-building-toys/
419,https://www.lazada.co.th/shop-kids-dress-up/
420,https://www.lazada.co.th/shop-early-development-toys-2/
421,https://www.lazada.co.th/shop-stuffed-toys/
422,https://www.lazada.co.th/shop-dolls-doll-houses/
423,https://www.lazada.co.th/shop-arts-craft/
424,https://www.lazada.co.th/shop-baby-toys/
425,https://www.lazada.co.th/shop-activity-gym-playmats/
426,https://www.lazada.co.th/shop-early-learning-baby-toys/
427,https://www.lazada.co.th/shop-music-sound-baby-toys/
428,https://www.lazada.co.th/shop-blocks-stacks-baby-toys/
429,https://www.lazada.co.th/shop-baby-toy-balls/
430,https://www.lazada.co.th/shop-baby-rocking-spring-ride-ons/
431,https://www.lazada.co.th/shop-baby-shape-sorter-toys/
432,https://www.lazada.co.th/shop-baby-rattles/
433,https://www.lazada.co.th/shop-baby-bath-toys/
434,https://www.lazada.co.th/shop-baby-stacking-nesting-toys/
435,https://www.lazada.co.th/shop-baby-spinning-top-toys/
436,https://www.lazada.co.th/shop-baby-crib-toys/
437,https://www.lazada.co.th/shop-sports-and-outdoor-play/
438,https://www.lazada.co.th/shop-kids-pool/
439,https://www.lazada.co.th/shop-kids-ride-ons/
440,https://www.lazada.co.th/shop-pedal-cars/
441,https://www.lazada.co.th/shop-kids-tricycles/
442,https://www.lazada.co.th/shop-kids-scooters/
443,https://www.lazada.co.th/shop-kids-outdoor-bikes/
444,https://www.lazada.co.th/shop-blaster-toys/
445,https://www.lazada.co.th/shop-play-sets-and-playground-equipment/
446,https://www.lazada.co.th/shop-kids-tents/
447,https://www.lazada.co.th/shop-ball-pits-and-accessories/
448,https://www.lazada.co.th/shop-lawn-games/
449,https://www.lazada.co.th/shop-flying-toys/
450,https://www.lazada.co.th/shop-remote-control-toys-and-play-vehicles/
451,https://www.lazada.co.th/shop-remote-control-toys/
452,https://www.lazada.co.th/shop-remote-control-die-cast-vehicles/
453,https://www.lazada.co.th/shop-drones-quadcopters/
454,https://www.lazada.co.th/shop-model-railway-and-train-sets/
455,https://www.lazada.co.th/shop-rc-figures-robots/
456,https://www.lazada.co.th/shop-walkie-talkies/
457,https://www.lazada.co.th/shop-remote-pull-backs/
458,https://www.lazada.co.th/shop-remote-control-vehicles-playsets/
459,https://www.lazada.co.th/shop-play-vehicles/
460,https://www.lazada.co.th/shop-dance-matt-toys/
461,https://www.lazada.co.th/shop-toy-helipcopter/
462,https://www.lazada.co.th/shop-entertainment-and-video-games/
463,https://www.lazada.co.th/shop-beverages/
464,https://www.lazada.co.th/shop-coffee/
465,https://www.lazada.co.th/shop-groceries-beverages-soft-drinks/
466,https://www.lazada.co.th/shop-groceries-beverages-uht-milk-milk-powder/
467,https://www.lazada.co.th/shop-tea/
468,https://www.lazada.co.th/shop-groceries-beverages-water/
469,https://www.lazada.co.th/shop-powdered-drink-mixes/
470,https://www.lazada.co.th/shop-groceries-beverages-juices/
471,https://www.lazada.co.th/shop-groceries-beverages-asian-health-drinks/
472,https://www.lazada.co.th/shop-hot-chocolate/
473,https://www.lazada.co.th/shop-Groceries-Beverages-SportsEnergyDrinks/
474,https://www.lazada.co.th/shop-breakfast/
475,https://www.lazada.co.th/shop-bars/
476,https://www.lazada.co.th/shop-cold-cereals/
477,https://www.lazada.co.th/shop-groceries-breakfast-jams-honey-spreads/
478,https://www.lazada.co.th/shop-oatmeals/
479,https://www.lazada.co.th/shop-Groceries-FoodStaplesCookingEssentials/
480,https://www.lazada.co.th/shop-Groceries-FoodStaplesCookingEssentials-CannedFood/
481,https://www.lazada.co.th/shop-gourmet-food-and-gifts/
482,https://www.lazada.co.th/shop-Groceries-FoodStaplesCookingEssentials-CookingSaucesKits/
483,https://www.lazada.co.th/shop-Groceries-FoodStaplesCookingEssentials-DriedGoods/
484,https://www.lazada.co.th/shop-Groceries-FoodStaplesCookingEssentials-InstantFoodReadytoEat/
485,https://www.lazada.co.th/shop-Groceries-FoodStaplesCookingEssentials-NoodlesVermicelli/
486,https://www.lazada.co.th/shop-Groceries-FoodStaplesCookingEssentials-Oil/
487,https://www.lazada.co.th/shop-Groceries-FoodStaplesCookingEssentials-Rice/
488,https://www.lazada.co.th/shop-Groceries-FoodStaplesCookingEssentials-SaltSeasoning/
489,https://www.lazada.co.th/shop-Groceries-FoodStaplesCookingEssentials-HomeBakingSugar/
490,https://www.lazada.co.th/shop-groceries-fresh-produce/
491,https://www.lazada.co.th/shop-groceries-fresh-produce-fresh-fruit/
492,https://www.lazada.co.th/shop-groceries-fresh-produce-fresh-vegetables/
493,https://www.lazada.co.th/shop-Groceries-ChocolateSnacksSweets/
494,https://www.lazada.co.th/shop-Groceries-ChocolateSnacksSweets-Biscuits-SweetBiscuits/
495,https://www.lazada.co.th/shop-Groceries-ChocolateSnacksSweets-Chocolate/
496,https://www.lazada.co.th/shop-Groceries-ChocolateSnacksSweets-Mints/
497,https://www.lazada.co.th/shop-Groceries-ChocolateSnacksSweets-Snacks/
498,https://www.lazada.co.th/shop-Groceries-ChocolateSnacksSweets-Sweets/
499,https://www.lazada.co.th/shop-Groceries-Bakery-Mooncakes/
500,https://www.lazada.co.th/shop-groceries-laundry-household-cleaning/
501,https://www.lazada.co.th/shop-aircare-air-fresheners/
502,https://www.lazada.co.th/shop-groceries-laundry-household-dishwashing-hand-dishwashing/
503,https://www.lazada.co.th/shop-groceries-laundry-household-cleaning-bathroom/
504,https://www.lazada.co.th/shop-facial-tissues-2/
505,https://www.lazada.co.th/shop-groceries-laundry-household-paper-kitchen-roll/
506,https://www.lazada.co.th/shop-groceries-laundry-household-paper-toilet-paper/
507,https://www.lazada.co.th/shop-groceries-laundry-household-pest-control-insect-baits/
508,https://www.lazada.co.th/shop-groceries-laundry-household-pest-control-insecticide-coil/
509,https://www.lazada.co.th/shop-groceries-laundry-household-pest-control-insecticide-sprays/
510,https://www.lazada.co.th/shop-groceries-laundry-household-laundry/
511,https://www.lazada.co.th/shop-groceries-laundry-household-laundry-fabric-conditioners/
512,https://www.lazada.co.th/shop-groceries-laundry-household-laundry-fresheners-ironing/
513,https://www.lazada.co.th/shop-groceries-laundry-household-laundry-bleach/
514,https://www.lazada.co.th/shop-groceries-laundry-household-laundry-delicate-care/
515,https://www.lazada.co.th/shop-groceries-laundry-household-laundry-washing-powder/
516,https://www.lazada.co.th/shop-groceries-laundry-household-laundry-washing-machine-cleaner/
517,https://www.lazada.co.th/shop-pet-accessories/
518,https://www.lazada.co.th/shop-aquarium-needs/
519,https://www.lazada.co.th/shop-dog-beds-mats-houses/
520,https://www.lazada.co.th/shop-dog-bowls-feeders/
521,https://www.lazada.co.th/shop-dog-cages-pens-doors/
522,https://www.lazada.co.th/shop-dog-carriers-travel/
523,https://www.lazada.co.th/shop-cat-condo-tree-scratchers/
524,https://www.lazada.co.th/shop-dog-clothes/
525,https://www.lazada.co.th//N/
526,https://www.lazada.co.th/shop-dog-grooming-supplies/
527,https://www.lazada.co.th/shop-dog-leashes-collars-muzzles/
528,https://www.lazada.co.th/shop-cat-clean-up-toilets/
529,https://www.lazada.co.th/shop-toys/
530,https://www.lazada.co.th/shop-pet-food/
531,https://www.lazada.co.th/shop-bird-food/
532,https://www.lazada.co.th/shop-cat-food/
533,https://www.lazada.co.th/shop-dog-food/
534,https://www.lazada.co.th/shop-fish-food/
535,https://www.lazada.co.th/shop-reptile-food/
536,https://www.lazada.co.th/shop-small-pet-food/
537,https://www.lazada.co.th/shop-pet-healthcare/
538,https://www.lazada.co.th/shop-dog-dentalcare/
539,https://www.lazada.co.th/shop-dog-flea-tick/
540,https://www.lazada.co.th/shop-furniture-decor/
541,https://www.lazada.co.th/shop-bedroom-furniture/
542,https://www.lazada.co.th/shop-living-room-furniture/
543,https://www.lazada.co.th/shop-kitchen-and-dining-furniture/
544,https://www.lazada.co.th/shop-home-office-furniture/
545,https://www.lazada.co.th/shop-game-room-furniture/
546,https://www.lazada.co.th/shop-kids-and-baby-furniture/
547,https://www.lazada.co.th/shop-hallway-and-entry-furniture/
548,https://www.lazada.co.th/shop-outdoor-furniture/
549,https://www.lazada.co.th/shop-clothes-organising/
550,https://www.lazada.co.th/shop-home-storage-bins-baskets/
551,https://www.lazada.co.th/shop-space-savers/
552,https://www.lazada.co.th/shop-lighting/
553,https://www.lazada.co.th/shop-table-lamps/
554,https://www.lazada.co.th/shop-floor-lamps/
555,https://www.lazada.co.th/shop-lampshades/
556,https://www.lazada.co.th/shop-decorative-ceiling-lights/
557,https://www.lazada.co.th/shop-wall-lights-sconces/
558,https://www.lazada.co.th/shop-specialty-lights/
559,https://www.lazada.co.th/shop-fairy-lights/
560,https://www.lazada.co.th/shop-night-lights/
561,https://www.lazada.co.th/shop-seasonal-lights/
562,https://www.lazada.co.th/shop-home-decor-outdoor-lighting/
563,https://www.lazada.co.th/shop-light-bulbs/
564,https://www.lazada.co.th/shop-home-decor/
565,https://www.lazada.co.th/shop-decorative-accents/
566,https://www.lazada.co.th/shop-window-treatment-2/
567,https://www.lazada.co.th/shop-wall-stickers/
568,https://www.lazada.co.th/shop-wall-art/
569,https://www.lazada.co.th/shop-wall-art/
570,https://www.lazada.co.th/shop-picture-frames/
571,https://www.lazada.co.th/shop-cushions-and-covers/
572,https://www.lazada.co.th/shop-home-decor-clocks/
573,https://www.lazada.co.th/shop-rugs-and-carpets/
574,https://www.lazada.co.th/shop-candles-and-candleholders/
575,https://www.lazada.co.th/shop-home-fragrance/
576,https://www.lazada.co.th/shop-bedding/
577,https://www.lazada.co.th/shop-bedding-sets/
578,https://www.lazada.co.th/shop-bedsheets/
579,https://www.lazada.co.th/shop-pillow-cases/
580,https://www.lazada.co.th/shop-blankets-throws/
581,https://www.lazada.co.th/shop-comforters-quilts-duvets/
582,https://www.lazada.co.th/shop-pillows/
583,https://www.lazada.co.th/shop-mattresses-protectors/
584,https://www.lazada.co.th/shop-mattress-pads-2/
585,https://www.lazada.co.th/shop-bedding-accessories-2/
586,https://www.lazada.co.th/shop-bedding-accessories/
587,https://www.lazada.co.th/shop-bath/
588,https://www.lazada.co.th/shop-bath-towels/
589,https://www.lazada.co.th/shop-bath-mats/
590,https://www.lazada.co.th/shop-bathroom-scales/
591,https://www.lazada.co.th/shop-holders-and-dispensers/
592,https://www.lazada.co.th/shop-shower-holders-hangers/
593,https://www.lazada.co.th/shop-bathroom-shelves/
594,https://www.lazada.co.th/bathroom-storage/
595,https://www.lazada.co.th/shop-shower-curtains-and-accessories/
596,https://www.lazada.co.th/shop-toilet-covers/
597,https://www.lazada.co.th/shop-towel-rails-and-warmers/
598,https://www.lazada.co.th/shop-showerheads/
599,https://www.lazada.co.th/shop-kitchen-and-dining/
600,https://www.lazada.co.th/shop-cookware/
601,https://www.lazada.co.th/shop-dinnerware/
602,https://www.lazada.co.th/shop-cutlery-2/
603,https://www.lazada.co.th/shop-drinkware-and-glassware/
604,https://www.lazada.co.th/shop-coffee-tea-kitchenware/
605,https://www.lazada.co.th/shop-bakeware/
606,https://www.lazada.co.th/kitchen-storage/
607,https://www.lazada.co.th/shop-kitchen-tools/
608,https://www.lazada.co.th/shop-kitchen-and-table-linen-accessories/
609,https://www.lazada.co.th/shop-serveware/
610,https://www.lazada.co.th/shop-disposables/
611,https://www.lazada.co.th/shop-stationery-craft/
612,https://www.lazada.co.th/shop-school-office-accessories/
613,https://www.lazada.co.th/shop-paper-products/
614,https://www.lazada.co.th/shop-writing-correction/
615,https://www.lazada.co.th/shop-art-supplies/
616,https://www.lazada.co.th/shop-craft-supplies/
617,https://www.lazada.co.th/shop-craft-sewing/
618,https://www.lazada.co.th/shop-gifts-wrapping/
619,https://www.lazada.co.th/shop-packaging-products/
620,https://www.lazada.co.th/shop-laundry-cleaning/
621,https://www.lazada.co.th/shop-brooms-mops-sweepers/
622,https://www.lazada.co.th/shop-trash-cans/
623,https://www.lazada.co.th/shop-cleaning-buckets/
624,https://www.lazada.co.th/shop-drying-racks/
625,https://www.lazada.co.th/shop-hangers/
626,https://www.lazada.co.th/shop-ironing-boards/
627,https://www.lazada.co.th/shop-laundry-ironing-tools/
628,https://www.lazada.co.th/shop-laundry-baskets/
629,https://www.lazada.co.th/shop-laundry-bag-balls/
630,https://www.lazada.co.th/shop-home-improvement/
631,https://www.lazada.co.th/shop-power-tools/
632,https://www.lazada.co.th/shop-hand-tools/
633,https://www.lazada.co.th/shop-plumbing/
634,https://www.lazada.co.th/shop-water-pumps-parts-and-accessories/
635,https://www.lazada.co.th/shop-home-improvement-electrical/
636,https://www.lazada.co.th/shop-security-system-hardware/
637,https://www.lazada.co.th/shop-measuring-and-levelling/
638,https://www.lazada.co.th/shop-home-hardware/
639,https://www.lazada.co.th/shop-material-handling/
640,https://www.lazada.co.th/shop-painting-decorating/
641,https://www.lazada.co.th/shop-work-safety-equipment/
642,https://www.lazada.co.th/shop-outdoor-and-garden/
643,https://www.lazada.co.th/shop-outdoor-gardening-power-tools/
644,https://www.lazada.co.th/shop-watering-systems/
645,https://www.lazada.co.th/shop-outdoor-gardening-tools/
646,https://www.lazada.co.th/shop-soils-fertilisers-and-mulches/
647,https://www.lazada.co.th/shop-weed-and-pest-control/
648,https://www.lazada.co.th/shop-plants-and-seeds/
649,https://www.lazada.co.th/shop-fountains-water-features-and-ponds/
650,https://www.lazada.co.th/shop-sheds-and-greenhouses/
651,https://www.lazada.co.th/shop-grills-outdoor-entertaining/
652,https://www.lazada.co.th/shop-pools-spas/
653,https://www.lazada.co.th/shop-electrical-insect-killers/
654,https://www.lazada.co.th/shop-musical-instruments/
655,https://www.lazada.co.th/shop-music-guitars/
656,https://www.lazada.co.th/shop-music-bass-guitars/
657,https://www.lazada.co.th/shop-drums-percussion/
658,https://www.lazada.co.th/shop-music-keyboards-pianos/
659,https://www.lazada.co.th/shop-woodwind/
660,https://www.lazada.co.th/shop-band-orchestra/
661,https://www.lazada.co.th/shop-traditional-instruments/
662,https://www.lazada.co.th/shop-dj-karaoke-electronic-music/
663,https://www.lazada.co.th/shop-instrument-accessories/
664,https://www.lazada.co.th/shop-music/
665,https://www.lazada.co.th/books-online/
666,https://www.lazada.co.th/shop-english-books/
667,https://www.lazada.co.th/shop-local-books/
668,https://www.lazada.co.th/shop-childrens-local-books/
669,https://www.lazada.co.th/shop-self-help-local-books/
670,https://www.lazada.co.th/shop-study-aid-exam-prep/
671,https://www.lazada.co.th/shop-education-local-books/
672,https://www.lazada.co.th/shop-entertainment-local-books/
673,https://www.lazada.co.th/shop-business-local-books/
674,https://www.lazada.co.th/shop-english-language-linguistics/
675,https://www.lazada.co.th/shop-professional-local-books/
676,https://www.lazada.co.th/shop-travel-local-books/
677,https://www.lazada.co.th/shop-women-clothing/
678,https://www.lazada.co.th/shop-women-t-shirts-tops/
679,https://www.lazada.co.th/shop-women-dresses/
680,https://www.lazada.co.th/shop-womens-clothing-pants/
681,https://www.lazada.co.th/shop-women-clothing-jackets-coats/
682,https://www.lazada.co.th/shop-womens-skirts/
683,https://www.lazada.co.th/shop-women-clothing-jeans/
684,https://www.lazada.co.th/shop-women-overalls-jumpsuits/
685,https://www.lazada.co.th/shop-womens-hoodies-sweatshirts/
686,https://www.lazada.co.th/shop-women-shorts/
687,https://www.lazada.co.th/shop-women-sweaters-cardigans/
688,https://www.lazada.co.th/invisible-unisex-fashion-4/
689,https://www.lazada.co.th/shop-women-muslim-wear/
690,https://www.lazada.co.th/shop-women-shoes/
691,https://www.lazada.co.th/shop-womens-sneakers/
692,https://www.lazada.co.th/shop-womens-shoes-flip-flops-slides/
693,https://www.lazada.co.th/shop-womens-flat-shoes/
694,https://www.lazada.co.th/shop-womens-heels/
695,https://www.lazada.co.th/shop-womens-shoes-accessories/
696,https://www.lazada.co.th/shop-womens-sandals/
697,https://www.lazada.co.th/shop-womens-wedges/
698,https://www.lazada.co.th/shop-womens-boots/
699,https://www.lazada.co.th/shop-women-lingerie-nightwear/
700,https://www.lazada.co.th/shop-women-lingerie-bras/
701,https://www.lazada.co.th/shop-women-lingerie-pants-knickers/
702,https://www.lazada.co.th/shop-women-lingerie-shapewear/
703,https://www.lazada.co.th/shop-women-nightwear/
704,https://www.lazada.co.th/shop-women-lingerie-suspenders/
705,https://www.lazada.co.th/shop-womens-lingerie-accessories/
706,https://www.lazada.co.th/shop-womens-lingerie-sets/
707,https://www.lazada.co.th/shop-women-lingerie-bathrobes/
708,https://www.lazada.co.th/shop-womens-camisoles-slips/
709,https://www.lazada.co.th/shop-womens-bodysuits/
710,https://www.lazada.co.th/shop-women-swimwear/
711,https://www.lazada.co.th/shop-womens-swimsuits/
712,https://www.lazada.co.th/shop-womens-bikinis/
713,https://www.lazada.co.th/shop-women-swimwear-beachwear-accessories/
714,https://www.lazada.co.th/shop-women-accessories/
715,https://www.lazada.co.th/shop-women-accessories-hats/
716,https://www.lazada.co.th/shop-women-accessories-hair-accessories/
717,https://www.lazada.co.th/shop-women-accessories-belts/
718,https://www.lazada.co.th/shop-women-socks-tights/
719,https://www.lazada.co.th/shop-women-accessories-umbrellas/
720,https://www.lazada.co.th/shop-women-accessories-scarves/
721,https://www.lazada.co.th/shop-women-accessories-gloves/
722,https://www.lazada.co.th/shop-fashion-face-mask/
723,https://www.lazada.co.th/shop-women-bags/
724,https://www.lazada.co.th/shop-women-bags-cross-body-bags/
725,https://www.lazada.co.th/shop-women-bags-backpacks/
726,https://www.lazada.co.th/shop-women-bags-purses/
727,https://www.lazada.co.th/shop-women-bags-top-handle-bags/
728,https://www.lazada.co.th/shop-women-bags-tote-bags/
729,https://www.lazada.co.th/shop-womens-bag-charms/
730,https://www.lazada.co.th/shop-womens-bags-card-holder/
731,https://www.lazada.co.th/shop-womens-bags-wristlets/
732,https://www.lazada.co.th/shop-womens-coin-purses/
733,https://www.lazada.co.th/shop-women-bags-clutches/
734,https://www.lazada.co.th/shop-womens-bags-key-holder/
735,https://www.lazada.co.th/shop-travel-luggage-2/
736,https://www.lazada.co.th/shop-womens-eyeglasses/
737,https://www.lazada.co.th/shop-womens-eyeglasses/
738,https://www.lazada.co.th/shop-womens-sunglasses/
739,https://www.lazada.co.th/shop-contact-lens/
740,https://www.lazada.co.th/shop-eyewear-accessories/
741,https://www.lazada.co.th/shop-womens-fashion-jewellery/
742,https://www.lazada.co.th/shop-women-fashion-necklaces/
743,https://www.lazada.co.th/shop-women-fashion-bracelets/
744,https://www.lazada.co.th/shop-womens-earrings/
745,https://www.lazada.co.th/shop-womens-jewellery-rings/
746,https://www.lazada.co.th/shop-womens-jewellery-storage/
747,https://www.lazada.co.th/shop-womens-brooches-jewellery-sets/
748,https://www.lazada.co.th/shop-womens-jewellery-sets/
749,https://www.lazada.co.th/shop-womens-body-jewellery-sets/
750,https://www.lazada.co.th/shop-womens-anklet-jewellery-sets/
751,https://www.lazada.co.th/shop-womens-diy-jewellery-accessories/
752,https://www.lazada.co.th/shop-womens-fine-jewellery/
753,https://www.lazada.co.th/shop-gem-stone/
754,https://www.lazada.co.th/shop-women-fine-brooches-and-pins/
755,https://www.lazada.co.th/shop-womens-wedding-and-engagement-jewellery/
756,https://www.lazada.co.th/shop-women-fine-necklaces/
757,https://www.lazada.co.th/shop-women-fine-bracelets/
758,https://www.lazada.co.th/shop-earrings/
759,https://www.lazada.co.th/shop-womens-coloured-gems-rings/
760,https://www.lazada.co.th/shop-womens-coloured-gems-jewellery-sets/
761,https://www.lazada.co.th/shop-womens-diamond-anklets/
762,https://www.lazada.co.th/shop-womens-watches/
763,https://www.lazada.co.th/shop-womens-casual-watches/
764,https://www.lazada.co.th/shop-luxury-womens-watches/
765,https://www.lazada.co.th/shop-womens-business-watches/
766,https://www.lazada.co.th/shop-womens-sports-watches/
767,https://www.lazada.co.th/shop-womenwatches-accessories/
768,https://www.lazada.co.th/shop-womenwatches-accessories/
769,https://www.lazada.co.th/shop-men-clothing/
770,https://www.lazada.co.th/shop-mens-casual-tops/
771,https://www.lazada.co.th/shop-men-shirts/
772,https://www.lazada.co.th/shop-men-polo-shirts/
773,https://www.lazada.co.th/shop-men-pants/
774,https://www.lazada.co.th/shop-men-jeans/
775,https://www.lazada.co.th/shop-men-hoodies/
776,https://www.lazada.co.th/shop-men-jackets-coats/
777,https://www.lazada.co.th/shop-men-shorts/
778,https://www.lazada.co.th/shop-men-swimwear/
779,https://www.lazada.co.th/shop-men-suits-ties/
780,https://www.lazada.co.th/shop-men-sweaters-cardigans/
781,https://www.lazada.co.th/shop-men-baju-melayus-cekak-musang/
782,https://www.lazada.co.th/shop-mens-shoes/
783,https://www.lazada.co.th/shop-mens-sneaker/
784,https://www.lazada.co.th/shop-mens-flip-flops-sandals/
785,https://www.lazada.co.th/shop-mens-loafers-slip-on-shoes/
786,https://www.lazada.co.th/shop-mens-shoes-accessories/
787,https://www.lazada.co.th/shop-mens-formal-shoes/
788,https://www.lazada.co.th/shop-mens-boots/
789,https://www.lazada.co.th/shop-mens-clothing-underwear/
790,https://www.lazada.co.th/shop-men-clothing-underwear/
791,https://www.lazada.co.th/shop-men-trunks-boxers/
792,https://www.lazada.co.th/shop-men-nightwear/
793,https://www.lazada.co.th/shop-men-underwear-thongs-others/
794,https://www.lazada.co.th/shop-men-accessories/
795,https://www.lazada.co.th/shop-men-accessories-hats/
796,https://www.lazada.co.th/shop-men-accessories-belts/
797,https://www.lazada.co.th/shop-men-socks/
798,https://www.lazada.co.th/shop-men-accessories-ties/
799,https://www.lazada.co.th/shop-men-accessories-scarves-gloves-gloves/
800,https://www.lazada.co.th/shop-men-accessories-bow-ties/
801,https://www.lazada.co.th/shop-men-accessories-scarves/
802,https://www.lazada.co.th/shop-fashion-men-accessories-braces/
803,https://www.lazada.co.th/shop-men-accessories-umbrellas/
804,https://www.lazada.co.th/shop-men-face-mask/
805,https://www.lazada.co.th/shop-men-bags/
806,https://www.lazada.co.th/shop-mens-cross-body-bags/
807,https://www.lazada.co.th/shop-mens-backpacks/
808,https://www.lazada.co.th/shop-men-wallets/
809,https://www.lazada.co.th/shop-waist-bags/
810,https://www.lazada.co.th/shop-men-bags-messenger-bags/
811,https://www.lazada.co.th/shop-mens-bags-card-holder/
812,https://www.lazada.co.th/shop-mens-bags-key-holder/
813,https://www.lazada.co.th/shop-men-formal-bags/
814,https://www.lazada.co.th/shop-laptop-bags-cases/
815,https://www.lazada.co.th/shop-mens-money-clips/
816,https://www.lazada.co.th/shop-mens-tote-bags/
817,https://www.lazada.co.th/shop-travel-luggage-2/
818,https://www.lazada.co.th/shop-mens-eyeglasses/
819,https://www.lazada.co.th/shop-mens-eyeglasses/
820,https://www.lazada.co.th/shop-mens-sunglasses/
821,https://www.lazada.co.th/shop-contact-lens/
822,https://www.lazada.co.th/shop-mens-fashion-jewellery/
823,https://www.lazada.co.th/shop-mens-necklaces/
824,https://www.lazada.co.th/shop-men-fashion-bracelets-new/
825,https://www.lazada.co.th/shop-mens-earings/
826,https://www.lazada.co.th/shop-mens-rings/
827,https://www.lazada.co.th/shop-cuff-link-shirt-studs-and-tie-clips/
828,https://www.lazada.co.th/shop-mens-fine-jewellery/
829,https://www.lazada.co.th/shop-men-diamond-fine-jewellery/
830,https://www.lazada.co.th/shop-mens-wedding-and-engagement-fine-jewellery/
831,https://www.lazada.co.th/shop-necklaces-and-pendants-/
832,https://www.lazada.co.th/shop-men-fine-bracelets-new/
833,https://www.lazada.co.th/shop-mens-coloured-gems-earrings/
834,https://www.lazada.co.th/shop-mens-watches/
835,https://www.lazada.co.th/shop-mens-casual-watches/
836,https://www.lazada.co.th/shop-mens-sports-watches/
837,https://www.lazada.co.th/shop-mens-business-watches/
838,https://www.lazada.co.th/shop-mens-watch-accessories/
839,https://www.lazada.co.th/shop-luxury-mens-watches/
840,https://www.lazada.co.th/shop-fashion-boys-clothing/
841,https://www.lazada.co.th/shop-fashion-boys-t-shirts-shirts/
842,https://www.lazada.co.th/shop-underwear/
843,https://www.lazada.co.th/shop-fashion-boys-pants-jeans/
844,https://www.lazada.co.th/shop-boys-shorts/
845,https://www.lazada.co.th/shop-fashion-boys-jackets-coats/
846,https://www.lazada.co.th/shop-boys-hoodies/
847,https://www.lazada.co.th/shop-boys-swimsuits/
848,https://www.lazada.co.th/shop-fashion-boys-sleepwear/
849,https://www.lazada.co.th/shop-socks/
850,https://www.lazada.co.th/shop-boys-face-mask/
851,https://www.lazada.co.th/shop-fashion-girls-clothing/
852,https://www.lazada.co.th/shop-fashion-girls-dresses/
853,https://www.lazada.co.th/shop-fashion-girls-shirts-tops/
854,https://www.lazada.co.th/shop-girls-underwear-sleepwear/
855,https://www.lazada.co.th/shop-girls-clothing-bottoms/
856,https://www.lazada.co.th/shop-girls-swimsuits/
857,https://www.lazada.co.th/shop-girls-socks-tights/
858,https://www.lazada.co.th/shop-fashion-girls-caps-hats/
859,https://www.lazada.co.th/shop-fashion-girls-jackets-coats/
860,https://www.lazada.co.th/shop-girls-hair-accories/
861,https://www.lazada.co.th/shop-fashion-girls-belts/
862,https://www.lazada.co.th/shop-girls-hoodies-2/
863,https://www.lazada.co.th/shop-fashion-girls-umbrellas-rainwear/
864,https://www.lazada.co.th/shop-fashion-boys-shoes/
865,https://www.lazada.co.th/shop-fashion-boys-sneakers/
866,https://www.lazada.co.th/shop-boys-flip-flop-slides-sandals/
867,https://www.lazada.co.th/shop-boys-formal-shoes/
868,https://www.lazada.co.th/shop-fashion-boys-slip-ons/
869,https://www.lazada.co.th/shop-fashion-boys-boots-wellies/
870,https://www.lazada.co.th/shop-fashion-boys-shoes-accessories/
871,https://www.lazada.co.th/shop-fashion-girls-shoes/
872,https://www.lazada.co.th/shop-girls-flip-flops-slides-sandals/
873,https://www.lazada.co.th/shop-fashion-girls-sneakers/
874,https://www.lazada.co.th/shop-girls-flats-slip-on-shoes/
875,https://www.lazada.co.th/shop-girls-formal-shoes/
876,https://www.lazada.co.th/shop-fashion-girls-boots-wellies/
877,https://www.lazada.co.th/shop-kids-watches/
878,https://www.lazada.co.th/shop-boys-watches/
879,https://www.lazada.co.th/shop-girls-watches/
880,https://www.lazada.co.th/shop-kids-bags
881,https://www.lazada.co.th/shop-kids-backpack-trolleys
882,https://www.lazada.co.th/shop-kids-shoulder-bags
883,https://www.lazada.co.th/shop-kids-travel-accessories
884,https://www.lazada.co.th/shop-kids-backpacks
885,https://www.lazada.co.th/shop-eyeglasses-2/
886,https://www.lazada.co.th/shop-kids-eyewear/
887,https://www.lazada.co.th/shop-kids-sunglasses/
888,https://www.lazada.co.th/shop-exercise-fitness/
889,https://www.lazada.co.th/shop-treadmills/
890,https://www.lazada.co.th/shop-exercise-bikes/
891,https://www.lazada.co.th/shop-fitness-yoga-elliptical-trainers/
892,https://www.lazada.co.th/shop-strength-training/
893,https://www.lazada.co.th/shop-weight-training/
894,https://www.lazada.co.th/shop-boxing-martial-arts-mma/
895,https://www.lazada.co.th/shop-yoga/
896,https://www.lazada.co.th/shop-pilates/
897,https://www.lazada.co.th/shop-fitness-accessories/
898,https://www.lazada.co.th/shop-running/
899,https://www.lazada.co.th/shop-outdoor-recreation/
900,https://www.lazada.co.th/shop-camping-hiking/
901,https://www.lazada.co.th/shop-bikes/
902,https://www.lazada.co.th/shop-scooters/
903,https://www.lazada.co.th/shop-fishing/
904,https://www.lazada.co.th/shop-shooting/
905,https://www.lazada.co.th/shop-inline-roller-skates/
906,https://www.lazada.co.th/shop-skateboarding/
907,https://www.lazada.co.th/shop-outdoor-adventure-climbing/
908,https://www.lazada.co.th/shop-golf/
909,https://www.lazada.co.th/shop-sports-men-clothing/
910,https://www.lazada.co.th/shop-sports-men-t-shirts/
911,https://www.lazada.co.th/shop-men-sports-jerseys/
912,https://www.lazada.co.th/shop-men-sports-pants/
913,https://www.lazada.co.th/shop-men-sports-shorts/
914,https://www.lazada.co.th/shop-men-uniform-base-layers/
915,https://www.lazada.co.th/shop-clothing-men-sports-accessories/
916,https://www.lazada.co.th/shop-mens-sports-bags/
917,https://www.lazada.co.th/shop-men-swim-surf-wear/
918,https://www.lazada.co.th/shop-men-sports-socks/
919,https://www.lazada.co.th/shop-sports-men-shoes-clothing/
920,https://www.lazada.co.th/shop-sports-men-football-shoes/
921,https://www.lazada.co.th/shop-mens-sport-sneakers/
922,https://www.lazada.co.th/shop-sports-men-running-shoes/
923,https://www.lazada.co.th/shop-sports-men-futsal-shoes/
924,https://www.lazada.co.th/shop-sports-men-basketball-shoes/
925,https://www.lazada.co.th/shop-men-badminton-shoes/
926,https://www.lazada.co.th/shop-sports-men-hiking-shoes/
927,https://www.lazada.co.th/shop-men-sport-sandals/
928,https://www.lazada.co.th/shop-sports-men-watersport-shoes/
929,https://www.lazada.co.th/shop-sports-men-cycling-shoes/
930,https://www.lazada.co.th/shop-sports-men-golf-shoes/
931,https://www.lazada.co.th/shop-sports-women-clothing/
932,https://www.lazada.co.th/shop-women-sports-tops/
933,https://www.lazada.co.th/shop-women-sport-pants/
934,https://www.lazada.co.th/shop-women-sports-shorts/
935,https://www.lazada.co.th/shop-women-sports-bras/
936,https://www.lazada.co.th/shop-women-sports-jerseys/
937,https://www.lazada.co.th/shop-sports-women-dresses-skirts/
938,https://www.lazada.co.th/shop-women-uniform-base-layers/
939,https://www.lazada.co.th/shop-women-swim-surf-wear/
940,https://www.lazada.co.th/shop-sports-women-accessories/
941,https://www.lazada.co.th/shop-womens-sports-bags/
942,https://www.lazada.co.th/shop-sports-women-shoes-clothing/
943,https://www.lazada.co.th/shop-womens-sport-sneakers/
944,https://www.lazada.co.th/shop-women-running-shoes/
945,https://www.lazada.co.th/shop-women-fitness-cross-training-shoes/
946,https://www.lazada.co.th/shop-women-futsal-shoes/
947,https://www.lazada.co.th/shop-women-football-shoes/
948,https://www.lazada.co.th/shop-women-basketball-shoes/
949,https://www.lazada.co.th/shop-women-badminton-shoes/
950,https://www.lazada.co.th/shop-women-sport-sandals/
951,https://www.lazada.co.th/shop-women-hiking-shoes/
952,https://www.lazada.co.th/shop-women-watersport-shoes/
953,https://www.lazada.co.th/shop-women-cycling-shoes/
954,https://www.lazada.co.th/shop-cycling/
955,https://www.lazada.co.th/shop-cycling/
956,https://www.lazada.co.th/shop-bikes/
957,https://www.lazada.co.th/shop-mountain-bikes/
958,https://www.lazada.co.th/shop-road-bikes/
959,https://www.lazada.co.th/shop-folding-bikes/
960,https://www.lazada.co.th/shop-comfort-cruiser-bikes/
961,https://www.lazada.co.th/shop-kids-bikes/
962,https://www.lazada.co.th/shop-electric-bikes/
963,https://www.lazada.co.th/shop-cycling-accessories/
964,https://www.lazada.co.th/shop-other-bike-parts/
965,https://www.lazada.co.th/shop-cycling-jersey/
966,https://www.lazada.co.th/shop-water-sports/
967,https://www.lazada.co.th/shop-diving-snorkeling/
968,https://www.lazada.co.th/shop-swimming/
969,https://www.lazada.co.th/shop-swimming-training-equipment-2/
970,https://www.lazada.co.th/shop-tubes-towables/
971,https://www.lazada.co.th/shop-water-sports-boating/
972,https://www.lazada.co.th/shop-swimming-accessories-2/
973,https://www.lazada.co.th/shop-water-sports-dry-bags/
974,https://www.lazada.co.th/shop-life-jackets/
975,https://www.lazada.co.th/shop-water-sports-boarding/
976,https://www.lazada.co.th/shop-team-sports/
977,https://www.lazada.co.th/shop-football/
978,https://www.lazada.co.th/shop-basketball/
979,https://www.lazada.co.th/shop-volleyball/
980,https://www.lazada.co.th/shop-baseball/
981,https://www.lazada.co.th/shop-sepak-takraw/
982,https://www.lazada.co.th/shop-gymnastics/
983,https://www.lazada.co.th/shop-hockey/
984,https://www.lazada.co.th/shop-team-sports-cricket/
985,https://www.lazada.co.th/shop-cheerleading/
986,https://www.lazada.co.th/shop-sports-fan-shop/
987,https://www.lazada.co.th/shop-racquet-sports/
988,https://www.lazada.co.th/shop-badminton/
989,https://www.lazada.co.th/shop-table-tennis/
990,https://www.lazada.co.th/shop-tennis/
991,https://www.lazada.co.th/shop-squash/
992,https://www.lazada.co.th/shop-sport-outdoors-accessories/
993,https://www.lazada.co.th/shop-sport-outdoors-water-bottles/
994,https://www.lazada.co.th/shop-sport-outdoors-air-pumps/
995,https://www.lazada.co.th/shop-sports-first-aid/
996,https://www.lazada.co.th/shop-sports-support-braces/
997,https://www.lazada.co.th/shop-travel-luggage-2/
998,https://www.lazada.co.th/shop-luggage/
999,https://www.lazada.co.th/shop-laptop-bags-cases/
1000,https://www.lazada.co.th/shop-travel-accessories/
1001,https://www.lazada.co.th/shop-oils-fluids/
1002,https://www.lazada.co.th/shop-automotive-oils/
1003,https://www.lazada.co.th/shop-automotive-cleaners/
1004,https://www.lazada.co.th/shop-automotive-transmission-fluids/
1005,https://www.lazada.co.th/shop-automotive-auto-oils-fluids-additives/
1006,https://www.lazada.co.th/shop-automotive-radiator-conditioners-protectants/
1007,https://www.lazada.co.th/shop-automotive-brake-fluids/
1008,https://www.lazada.co.th/shop-automotive-greases-lubricants/
1009,https://www.lazada.co.th/shop-moto-engine-oils/
1010,https://www.lazada.co.th/shop-moto-transmission-fluids/
1011,https://www.lazada.co.th/shop-motorcycle-brake-fluid/
1012,https://www.lazada.co.th/shop-lubricants-and-solvents/
1013,https://www.lazada.co.th/shop-automotive/
1014,https://www.lazada.co.th/shop-automobiles/
1015,https://www.lazada.co.th/shop-automotive-batteries/
1016,https://www.lazada.co.th/shop-wheels-tires/
1017,https://www.lazada.co.th/shop-oils-fluids/
1018,https://www.lazada.co.th/shop-auto-parts-spares/
1019,https://www.lazada.co.th/shop-car-audio/
1020,https://www.lazada.co.th/shop-automotive-tools-equipment/
1021,https://www.lazada.co.th/shop-automotive-hand-tools/
1022,https://www.lazada.co.th/shop-automotive-batteries-accessories/
1023,https://www.lazada.co.th/shop-fuel-cards/
1024,https://www.lazada.co.th/shop-automotive-vehicle-insurance/
1025,https://www.lazada.co.th/shop-AutomotiveMotorsportsMerchandise/
1026,https://www.lazada.co.th/shop-car-cameras-2/
1027,https://www.lazada.co.th/shop-car-audio/
1028,https://www.lazada.co.th/shop-car-stereos/
1029,https://www.lazada.co.th/shop-car-speakers/
1030,https://www.lazada.co.th/shop-car-amplifiers/
1031,https://www.lazada.co.th/shop-car-subwoofers/
1032,https://www.lazada.co.th/shop-satellite-radio/
1033,https://www.lazada.co.th/shop-car-audio-equalizers/
1034,https://www.lazada.co.th/shop-car-digital-media-receivers/
1035,https://www.lazada.co.th/shop-car-tv-tuners/
1036,https://www.lazada.co.th/shop-wheels-tires/
1037,https://www.lazada.co.th/shop-vehicle-tires/
1038,https://www.lazada.co.th/shop-car-wheels/
1039,https://www.lazada.co.th/shop-auto-tire-and-wheel-packages/
1040,https://www.lazada.co.th/shop-automotive-tire-accessories-parts/
1041,https://www.lazada.co.th/shop-vehicle-wheel-accessories/
1042,https://www.lazada.co.th/shop-wheel-tire-tools/
1043,https://www.lazada.co.th/shop-lug-nuts-accessories/
1044,https://www.lazada.co.th/shop-auto-air-compressors-and-inflators/
1045,https://www.lazada.co.th/shop-auto-parts-spares/
1046,https://www.lazada.co.th/shop-auto-bulbs-leds-and-hids/
1047,https://www.lazada.co.th/shop-automotive-engine-parts/
1048,https://www.lazada.co.th/shop-automotive-air-filters/
1049,https://www.lazada.co.th/shop-automotive-oil-filters/
1050,https://www.lazada.co.th/shop-automotive-batteries-accessories/
1051,https://www.lazada.co.th/shop-automotive-shocks-struts-suspension//
1052,https://www.lazada.co.th/shop-automotive-exhaust-emissions/
1053,https://www.lazada.co.th/shop-automotive-windshield-wipers-washers//
1054,https://www.lazada.co.th/shop-automotive-brake-system/
1055,https://www.lazada.co.th/shop-automotive-body-parts/
1056,https://www.lazada.co.th/shop-diagnostic-test-tools/
1057,https://www.lazada.co.th/shop-exterior-accessories/
1058,https://www.lazada.co.th/shop-interior-accessories/
1059,https://www.lazada.co.th/shop-exterior-accessories/
1060,https://www.lazada.co.th/shop-gps-navigation/
1061,https://www.lazada.co.th/shop-automotive-electrical-appliances/
1062,https://www.lazada.co.th/shop-car-air-purifiers/
1063,https://www.lazada.co.th/shop-air-fresheners/
1064,https://www.lazada.co.th/shop-automotive-covers/
1065,https://www.lazada.co.th/shop-car-seat-covers/
1066,https://www.lazada.co.th/shop-automotive-floor-mats-cargo-liners/
1067,https://www.lazada.co.th/shop-steering-wheels-accessories/
1068,https://www.lazada.co.th/shop-automotive-key-chains/
1069,https://www.lazada.co.th/shop-car-care/
1070,https://www.lazada.co.th/shop-automotive-exterior-vehicle-care/
1071,https://www.lazada.co.th/shop-interior-care/
1072,https://www.lazada.co.th/shop-automotive-car-polishes-waxes/
1073,https://www.lazada.co.th/shop-glass-care/
1074,https://www.lazada.co.th/shop-automotive-paints-primers/
1075,https://www.lazada.co.th/shop-automotive-vacuums/
1076,https://www.lazada.co.th/shop-automotive-polishing-waxing-kits/
1077,https://www.lazada.co.th/shop-motorcycle/
1078,https://www.lazada.co.th/shop-motorcycles-and-scooters/
1079,https://www.lazada.co.th/shop-motorcycle-sportbikes/
1080,https://www.lazada.co.th/shop-motorcycle-electric-bikes/
1081,https://www.lazada.co.th/shop-motorcycle-scooters/
1082,https://www.lazada.co.th/shop-motorcycle-atvs-utvs/
1083,https://www.lazada.co.th/shop-moto-batteries-accessories/
1084,https://www.lazada.co.th/shop-motorcycle-tires-wheels/
1085,https://www.lazada.co.th/shop-motorcycle-oils-fluids/
1086,https://www.lazada.co.th/shop-motorcycle-parts-spares/
1087,https://www.lazada.co.th/shop-motorcycle-covers/
1088,https://www.lazada.co.th/shop-motorcycle-luggage-saddlebags/
1089,https://www.lazada.co.th/shop-motorcycle-tires-wheels/
1090,https://www.lazada.co.th/shop-motorcycle-tires-tubes/
1091,https://www.lazada.co.th/shop-motorcycle-wheels-rims/
1092,https://www.lazada.co.th/shop-motorcycle-wheels-tire-packages/
1093,https://www.lazada.co.th/shop-motorcycle-wheels-tires-accessories/
1094,https://www.lazada.co.th/shop-motorcycle-wheel-hub-assemblies/
1095,https://www.lazada.co.th/shop-motorcycle-valve-caps-stems/
1096,https://www.lazada.co.th/shop-motorcycle-parts-spares/
1097,https://www.lazada.co.th/shop-motorcycle-exterior-accessories/
1098,https://www.lazada.co.th/shop-motorcycle-parts-spares/
1099,https://www.lazada.co.th/shop-moto-lighting/
1100,https://www.lazada.co.th/shop-motorcycle-mirrors/
1101,https://www.lazada.co.th/moto-exhaust-and-accessories/
1102,https://www.lazada.co.th/shop-motorcycle-replacements-mounting-harware/
1103,https://www.lazada.co.th/shop-motorcycle-body-frame/
1104,https://www.lazada.co.th/shop-motorcycle-drivetrain-transmission/
1105,https://www.lazada.co.th/shop-motorcycle-fuel-injectors-main-jets/
1106,https://www.lazada.co.th/shop-motorcycle-electronics/
1107,https://www.lazada.co.th/shop-moto-spark-plugs/
1108,https://www.lazada.co.th/shop-motorcycle-riding-gear/
1109,https://www.lazada.co.th/shop-motorcycle-atv-helmets/
1110,https://www.lazada.co.th/shop-motorcycle-bluetooth-headsets/
1111,https://www.lazada.co.th/shop-motorcycle-riding-gear-helmets-accessories/
1112,https://www.lazada.co.th/shop-motorcycle-riding-gear-gloves/
1113,https://www.lazada.co.th/shop-motorcycle-atv-jackets/
1114,https://www.lazada.co.th/shop-rainwear/
1115,https://www.lazada.co.th/shop-motorcycle-riding-gear-eyewear/
1116,https://www.lazada.co.th/shop-motorcycle-riding-gear-face-masks/
1117,https://www.lazada.co.th/shop-motorcycle-riding-gear-footwear/
1118,https://www.lazada.co.th/shop-motorcycle-atv-protective-gear/
1119,https://www.lazada.co.th/shop-motorcycle-riding-gear-balaclavas/
